Product Name,Price
Pack Consola PlayStation®5 (Modelo Slim) con 2 Juegos - Standard,9205.98
Pack Consola PlayStation®5 (Modelo Slim) con 2 Juegos - Digital,7667.39
Consola PlayStation 5 Slim - Versión Digital Nacional con 1 año de garantia,7945.0
"Sony Playstation 5 Slim Digital, 1tb Version Internacional",7949.0
PlayStation 5 Digital Edition – Marvel’s Spider-Man 2 Bundle (Slim),8828.0
PlayStation 5 Console - Marvel’s Spider-Man 2 Bundle (slim),9575.94
Control Inalámbrico Dualsense White - Playstation 5 - Versión Nacional Edition,Price not found
Sony PlayStation Portal Remote Player - PlayStation 5,4853.92
Control Inalámbrico Dualsense Midnight Black - Playstation 5 - Midnight Black Edition,Price not found
Reproductor remoto PlayStation Portal™ para consola PS5®,4999.0
EA Sports FC 24 Standard Edition- PlayStation 5,551.65
God of War Ragnarök PlayStation 5,849.0
STAR WARS JEDI SURVIVOR PARA PLAYSTATION 5,636.65
Spider-Man. Miles Morales - Standard Edition - Playstation 5,Price not found
The Last of Us Remastered - Hits - - Standard Edition - PlayStation 4,249.0
Stellar Blade PS5 / Garantía en México,1480.44
Control inalámbrico DualSense™ Grey Camouflage/Grantía en México,999.0
Consola PS5 Digital + Horizon Forbidden West™ (Pack) - Digital + Horizon Edition,Price not found
PlayStation DualSense® Wireless Controller - Midnight Black,1019.4
La Ascensión del Ronin - Standard Edition - PlayStation 5 / Garantía en México,934.15
Control Inalámbrico DualSense™ Galactic Purple/Garantía en México,999.0
Control inalámbrico DualSense Edge/ Garantía en México - Edge Edition,3949.0
Consola PlayStation 5 – Marvel’s Spider-Man 2 Limited Edition - Edición Nacional/Garantía en México,Price not found
God of War Ragnarök PlayStation 4,Price not found
Consola PlayStation 5 - Versión Standard Nacional,Price not found
Consola PlayStation 5 - Standard Edition,Price not found
PlayStation®5 Slim Console – Call of Duty® Modern Warfare® III Bundle,11069.0
Vertical Stand For PS5® Consoles/Garantía en México,699.0
THE HELLDIVERS 2- PS5 / Garantía en México,764.15
Sony PlayStation 5 Standar Marvels Spider-Man 2 Limited Edition,16189.0
Auriculares inalámbricos PULSE Elite™,2799.0
Uncharted: Legacy of Thieves Collection - Playstation 5,1599.0
"Seagate Game Drive para PS5 5TB HDD Externo - USB 3.0, Licencia Oficial, LED Azul (STLV5000100)",Price not found
Auriculares inalámbricos PULSE Explore™,3999.0
Teenage Mutant Ninja Turtles: Mutants Unleashed - Playstation 5,899.0
Horizon II: Forbidden West - Standard Edition - PlayStation 5,Price not found
"Logitech G29 Driving Force Volante de Carreras y Pedales, Force Feedback, Aluminio Anodizado, Palancas de cambio, Volante de Cuero, Pedales Ajustables, PS5, PS4, PS3 y PC - Negro",3499.0
Pulse 3D White Headset Playstation 5 - Standard Edition,1999.0
"F1 23 PS5 | Videojuego | Español, Inglés",635.52
The Witcher 3: Wild Hunt Edición completa (PS5),432.91
Hogwarts Legacy PS5 - Versión Internacional Edition,799.01
Media Remote PS5 - Standard Edition/Garantía en México,699.0
Disc Drive For PS5® Digital Edition Consoles (slim),2799.0
"Redlemon Cargador para Controles de PS5, Estación de Carga Dual para Controles de Playstation 5 Dualsense con Base Antideslizante e Indicadores LED, Incluye Cargador USB Tipo C, para 2 Controles",415.0
Dragon's Dogma 2 - PlayStation 5,1359.0
Silent Hill 2 para PlayStation 5 (PS5),1499.0
Blasphemous 2 - PlayStation 5,522.0
Consola PlayStation 5 Digital - Edición Nacional - Nacional Edition,10699.0
